1|5|1|4/19/2023 10:03:28 AM|4/19/2024 12:00:00 AM|CancelingTour|kn|False
2|5|1|4/19/2023 10:04:22 AM|4/19/2024 12:00:00 AM|CancelingTour|lkm|False
3|5|1|4/19/2023 10:05:46 AM|4/19/2024 12:00:00 AM|CancelingTour|jonjon|False
4|5|1|4/19/2023 10:06:51 AM|4/19/2024 12:00:00 AM|CancelingTour|jn|False
5|5|1|4/19/2023 10:07:54 AM|4/19/2024 12:00:00 AM|CancelingTour|asjfn|False
6|5|1|4/19/2023 10:10:35 AM|4/19/2024 12:00:00 AM|CancelingTour|noj|False
7|5|1|4/19/2023 10:11:51 AM|4/19/2024 12:00:00 AM|CancelingTour|ononj|False
8|5|1|4/19/2023 10:12:52 AM|4/19/2024 12:00:00 AM|CancelingTour|uohbiub|False
9|5|1|4/19/2023 10:15:26 AM|4/19/2024 12:00:00 AM|CancelingTour|onoin|False
10|5|1|4/19/2023 10:17:04 AM|4/19/2024 12:00:00 AM|CancelingTour|iokonol|False
11|5|1|4/19/2023 10:19:11 AM|4/19/2024 12:00:00 AM|CancelingTour|onafcosn|False
12|5|1|4/19/2023 10:21:43 AM|4/19/2024 12:00:00 AM|CancelingTour|ownsofqnoin|False
13|5|1|4/19/2023 10:22:27 AM|4/19/2024 12:00:00 AM|CancelingTour|oiwgnve|False
14|5|1|4/19/2023 10:24:02 AM|4/19/2024 12:00:00 AM|CancelingTour|qiwfnoiqwn|False
15|5|1|4/19/2023 10:27:25 AM|4/19/2024 12:00:00 AM|CancelingTour|omiovpmiopmedwpo|False
16|5|1|4/19/2023 10:28:07 AM|4/19/2024 12:00:00 AM|CancelingTour|jon|False
17|5|1|4/19/2023 10:28:43 AM|4/19/2024 12:00:00 AM|CancelingTour|aljfn|False
18|5|1|4/19/2023 10:29:26 AM|4/19/2024 12:00:00 AM|CancelingTour|dsc|False
19|5|1|4/19/2023 10:31:45 AM|4/19/2024 12:00:00 AM|CancelingTour|saofnasoifnas|False
